image1,image2,preferred,prompt,timestamp,rater_id,response_time_ms
images/saeed-ghavam-shahidi-i38Wgx6RRN0-unsplash.jpg,images/samuel-arkwright-Pi9wWFYTy2I-unsplash.jpg,1.0,,2025-03-24T17:37:23.456971,default,11672.931
images/chen-zy-ccr9dAWi0hw-unsplash.jpg,images/cheng-lin-BJmFkjQFq44-unsplash.jpg,2.0,,2025-03-24T17:37:36.436067,default,12568.59
images/johannes-andersson-a5c9WeJU8WQ-unsplash.jpg,images/dennis-yu-Nr8BIhkjwQY-unsplash.jpg,2.0,,2025-03-24T17:37:44.374090,default,7466.896000000001
images/lerone-pieters-Kx25S1nd9UE-unsplash.jpg,images/johannes-andersson-a5c9WeJU8WQ-unsplash.jpg,1.0,,2025-03-24T17:37:48.223295,default,3569.4539999999997
images/marek-piwnicki-3f22ob_rtnA-unsplash.jpg,images/samuel-arkwright-Pi9wWFYTy2I-unsplash.jpg,1.0,,2025-03-24T17:37:51.127562,default,2514.0989999999997
images/intricate-explorer-N3stduCK5Ms-unsplash.jpg,images/wietse-jongsma-h-huws0YRo8-unsplash.jpg,2.0,,2025-03-24T17:38:16.881716,default,25194.39
images/ingmar-h-w0LJ3X-3qgY-unsplash.jpg,images/arpit-rastogi-eLYtlDkpkXw-unsplash.jpg,2.0,,2025-03-24T17:38:24.935884,default,7756.731000000001
images/frode-myklebust-rHs9qFMrcDk-unsplash.jpg,images/wietse-jongsma-h-huws0YRo8-unsplash.jpg,1.0,,2025-03-24T17:38:28.752639,default,3583.482
images/the-chaffins-1KDauE4oF0o-unsplash.jpg,images/chen-zy-ccr9dAWi0hw-unsplash.jpg,1.0,,2025-03-24T17:38:30.877548,default,1726.25
images/samuel-arkwright-Pi9wWFYTy2I-unsplash.jpg,images/wietse-jongsma-h-huws0YRo8-unsplash.jpg,2.0,,2025-03-24T17:38:32.890147,default,1672.304
images/marek-piwnicki-zV2zh23STCk-unsplash.jpg,images/ingmar-h-w0LJ3X-3qgY-unsplash.jpg,1.0,,2025-03-24T17:38:45.902496,default,8586.811000000002
images/karsten-winegeart-yg1_KJ66Afc-unsplash.jpg,images/ingmar-h-w0LJ3X-3qgY-unsplash.jpg,2.0,,2025-03-24T17:38:48.197689,default,2025.801
images/pascal-debrunner-Xk317d8TtEo-unsplash.jpg,images/ingmar-h-w0LJ3X-3qgY-unsplash.jpg,1.0,,2025-03-24T17:38:51.599986,default,3032.577
images/peter-thomas-OUfn4MNUGA4-unsplash.jpg,images/ingmar-h-w0LJ3X-3qgY-unsplash.jpg,1.0,,2025-03-24T17:38:53.516675,default,1653.6329999999998
images/wietse-jongsma-w_xNKXC4EM0-unsplash.jpg,images/ingmar-h-w0LJ3X-3qgY-unsplash.jpg,1.0,,2025-03-24T17:38:55.735267,default,1989.088
images/zoltan-tasi-7qhm0GNurTc-unsplash.jpg,images/ingmar-h-w0LJ3X-3qgY-unsplash.jpg,2.0,,2025-03-24T17:38:57.070589,default,1053.599
images/josh-hild-wqvA56yiz04-unsplash.jpg,images/chen-zy-ccr9dAWi0hw-unsplash.jpg,2.0,,2025-03-24T17:39:06.685505,default,9391.144
images/pavel-marianov-_eTFRd_3adE-unsplash.jpg,images/ingmar-h-w0LJ3X-3qgY-unsplash.jpg,1.0,,2025-03-24T17:39:08.587901,default,1535.081
images/michael-fousert-d8px3c8GAtA-unsplash.jpg,images/ingmar-h-w0LJ3X-3qgY-unsplash.jpg,1.0,,2025-03-24T17:39:10.021984,default,1121.242
images/reinaldo-photography--NEGehNFXF0-unsplash.jpg,images/ingmar-h-w0LJ3X-3qgY-unsplash.jpg,1.0,,2025-03-24T17:39:11.104290,default,704.9499999999999
images/frode-myklebust-rHs9qFMrcDk-unsplash.jpg,images/ingmar-h-w0LJ3X-3qgY-unsplash.jpg,2.0,,2025-03-24T17:39:13.028806,default,1588.325
images/lerone-pieters-Kx25S1nd9UE-unsplash.jpg,images/ingmar-h-w0LJ3X-3qgY-unsplash.jpg,2.0,,2025-03-24T17:39:14.710027,default,1303.311
images/marek-piwnicki-zV2zh23STCk-unsplash.jpg,images/ingmar-h-w0LJ3X-3qgY-unsplash.jpg,1.0,,2025-03-24T17:39:15.954524,default,821.21
images/karsten-winegeart-yg1_KJ66Afc-unsplash.jpg,images/ingmar-h-w0LJ3X-3qgY-unsplash.jpg,2.0,,2025-03-24T17:39:17.920962,default,1692.664
images/pascal-debrunner-Xk317d8TtEo-unsplash.jpg,images/ingmar-h-w0LJ3X-3qgY-unsplash.jpg,1.0,,2025-03-24T17:39:19.690588,default,1403.965
images/saeed-ghavam-shahidi-i38Wgx6RRN0-unsplash.jpg,images/ingmar-h-w0LJ3X-3qgY-unsplash.jpg,1.0,,2025-03-24T17:39:21.140127,default,1102.11
images/peter-thomas-OUfn4MNUGA4-unsplash.jpg,images/ingmar-h-w0LJ3X-3qgY-unsplash.jpg,1.0,,2025-03-24T17:39:22.172670,default,773.7199999999999
images/marek-piwnicki-3f22ob_rtnA-unsplash.jpg,images/ingmar-h-w0LJ3X-3qgY-unsplash.jpg,1.0,,2025-03-24T17:39:36.463364,default,13998.725
images/cheng-lin-BJmFkjQFq44-unsplash.jpg,images/ingmar-h-w0LJ3X-3qgY-unsplash.jpg,1.0,,2025-03-24T17:39:37.665343,default,774.04
images/intricate-explorer-N3stduCK5Ms-unsplash.jpg,images/ingmar-h-w0LJ3X-3qgY-unsplash.jpg,2.0,,2025-03-24T17:39:39.891138,default,1556.983
images/wietse-jongsma-w_xNKXC4EM0-unsplash.jpg,images/ingmar-h-w0LJ3X-3qgY-unsplash.jpg,1.0,,2025-03-24T17:39:43.541126,default,3413.138
images/arpit-rastogi-eLYtlDkpkXw-unsplash.jpg,images/chen-zy-ccr9dAWi0hw-unsplash.jpg,1.0,,2025-03-24T17:40:12.524873,default,28694.195
images/zoltan-tasi-7qhm0GNurTc-unsplash.jpg,images/ingmar-h-w0LJ3X-3qgY-unsplash.jpg,2.0,,2025-03-24T17:40:14.797378,default,2000.548
images/dennis-yu-Nr8BIhkjwQY-unsplash.jpg,images/ingmar-h-w0LJ3X-3qgY-unsplash.jpg,2.0,,2025-03-24T17:40:16.268473,default,902.56
images/josh-hild-wqvA56yiz04-unsplash.jpg,images/chen-zy-ccr9dAWi0hw-unsplash.jpg,2.0,,2025-03-24T17:40:17.793363,default,1288.712
images/pavel-marianov-_eTFRd_3adE-unsplash.jpg,images/ingmar-h-w0LJ3X-3qgY-unsplash.jpg,1.0,,2025-03-24T17:40:19.341126,default,1192.446
images/michael-fousert-d8px3c8GAtA-unsplash.jpg,images/ingmar-h-w0LJ3X-3qgY-unsplash.jpg,1.0,,2025-03-24T17:40:20.390206,default,739.256
images/the-chaffins-1KDauE4oF0o-unsplash.jpg,images/ingmar-h-w0LJ3X-3qgY-unsplash.jpg,1.0,,2025-03-24T17:40:21.657067,default,853.047
images/reinaldo-photography--NEGehNFXF0-unsplash.jpg,images/ingmar-h-w0LJ3X-3qgY-unsplash.jpg,1.0,,2025-03-24T17:40:22.790708,default,765.236
images/frode-myklebust-rHs9qFMrcDk-unsplash.jpg,images/ingmar-h-w0LJ3X-3qgY-unsplash.jpg,2.0,,2025-03-24T17:40:24.053258,default,939.697
images/lerone-pieters-Kx25S1nd9UE-unsplash.jpg,images/ingmar-h-w0LJ3X-3qgY-unsplash.jpg,2.0,,2025-03-24T17:40:25.350403,default,915.845
images/marek-piwnicki-zV2zh23STCk-unsplash.jpg,images/ingmar-h-w0LJ3X-3qgY-unsplash.jpg,1.0,,2025-03-24T17:40:26.525247,default,756.378
images/johannes-andersson-a5c9WeJU8WQ-unsplash.jpg,images/ingmar-h-w0LJ3X-3qgY-unsplash.jpg,2.0,,2025-03-24T17:40:27.603639,default,823.981
images/karsten-winegeart-yg1_KJ66Afc-unsplash.jpg,images/ingmar-h-w0LJ3X-3qgY-unsplash.jpg,2.0,,2025-03-24T17:40:28.931543,default,1053.396
images/pascal-debrunner-Xk317d8TtEo-unsplash.jpg,images/ingmar-h-w0LJ3X-3qgY-unsplash.jpg,1.0,,2025-03-24T17:40:30.886064,default,1586.584
images/saeed-ghavam-shahidi-i38Wgx6RRN0-unsplash.jpg,images/ingmar-h-w0LJ3X-3qgY-unsplash.jpg,1.0,,2025-03-24T17:40:32.204173,default,967.061
images/peter-thomas-OUfn4MNUGA4-unsplash.jpg,images/ingmar-h-w0LJ3X-3qgY-unsplash.jpg,1.0,,2025-03-24T17:40:33.006756,default,547.8140000000001
images/marek-piwnicki-3f22ob_rtnA-unsplash.jpg,images/ingmar-h-w0LJ3X-3qgY-unsplash.jpg,1.0,,2025-03-24T17:40:33.731902,default,439.87
images/cheng-lin-BJmFkjQFq44-unsplash.jpg,images/ingmar-h-w0LJ3X-3qgY-unsplash.jpg,1.0,,2025-03-24T17:40:35.461938,default,1305.791
images/intricate-explorer-N3stduCK5Ms-unsplash.jpg,images/ingmar-h-w0LJ3X-3qgY-unsplash.jpg,2.0,,2025-03-24T17:40:37.025510,default,896.139
images/wietse-jongsma-w_xNKXC4EM0-unsplash.jpg,images/ingmar-h-w0LJ3X-3qgY-unsplash.jpg,1.0,,2025-03-24T17:40:38.482904,default,1220.418
images/arpit-rastogi-eLYtlDkpkXw-unsplash.jpg,images/chen-zy-ccr9dAWi0hw-unsplash.jpg,1.0,,2025-03-24T17:40:40.450894,default,1675.053
images/zoltan-tasi-7qhm0GNurTc-unsplash.jpg,images/ingmar-h-w0LJ3X-3qgY-unsplash.jpg,2.0,,2025-03-24T17:42:02.334561,default,7296.082
images/dennis-yu-Nr8BIhkjwQY-unsplash.jpg,images/ingmar-h-w0LJ3X-3qgY-unsplash.jpg,2.0,,2025-03-24T17:42:04.234982,default,1336.376
images/josh-hild-wqvA56yiz04-unsplash.jpg,images/chen-zy-ccr9dAWi0hw-unsplash.jpg,2.0,,2025-03-24T17:42:05.870166,default,1404.423
images/pavel-marianov-_eTFRd_3adE-unsplash.jpg,images/ingmar-h-w0LJ3X-3qgY-unsplash.jpg,1.0,,2025-03-24T17:42:08.124070,default,1883.415
images/michael-fousert-d8px3c8GAtA-unsplash.jpg,images/ingmar-h-w0LJ3X-3qgY-unsplash.jpg,1.0,,2025-03-24T17:42:09.248375,default,805.9920000000001
images/the-chaffins-1KDauE4oF0o-unsplash.jpg,images/ingmar-h-w0LJ3X-3qgY-unsplash.jpg,1.0,,2025-03-24T17:42:10.531012,default,875.787
images/reinaldo-photography--NEGehNFXF0-unsplash.jpg,images/ingmar-h-w0LJ3X-3qgY-unsplash.jpg,1.0,,2025-03-24T17:42:11.724046,default,814.994
images/frode-myklebust-rHs9qFMrcDk-unsplash.jpg,images/ingmar-h-w0LJ3X-3qgY-unsplash.jpg,2.0,,2025-03-24T17:42:13.466972,default,1416.329
images/lerone-pieters-Kx25S1nd9UE-unsplash.jpg,images/ingmar-h-w0LJ3X-3qgY-unsplash.jpg,2.0,,2025-03-24T17:42:14.623008,default,781.144
images/wietse-jongsma-h-huws0YRo8-unsplash.jpg,images/ingmar-h-w0LJ3X-3qgY-unsplash.jpg,2.0,,2025-03-24T17:42:16.567791,default,1704.712
images/marek-piwnicki-zV2zh23STCk-unsplash.jpg,images/ingmar-h-w0LJ3X-3qgY-unsplash.jpg,1.0,,2025-03-24T17:42:17.621801,default,635.2719999999999
images/samuel-arkwright-Pi9wWFYTy2I-unsplash.jpg,images/ingmar-h-w0LJ3X-3qgY-unsplash.jpg,2.0,,2025-03-24T17:42:18.949449,default,881.276
images/johannes-andersson-a5c9WeJU8WQ-unsplash.jpg,images/ingmar-h-w0LJ3X-3qgY-unsplash.jpg,2.0,,2025-03-24T17:42:20.183947,default,983.857
images/karsten-winegeart-yg1_KJ66Afc-unsplash.jpg,images/ingmar-h-w0LJ3X-3qgY-unsplash.jpg,2.0,,2025-03-24T17:42:21.659800,default,1212.614
images/pascal-debrunner-Xk317d8TtEo-unsplash.jpg,images/ingmar-h-w0LJ3X-3qgY-unsplash.jpg,1.0,,2025-03-24T17:42:22.759572,default,736.861
images/saeed-ghavam-shahidi-i38Wgx6RRN0-unsplash.jpg,images/ingmar-h-w0LJ3X-3qgY-unsplash.jpg,1.0,,2025-03-24T17:42:24.160933,default,1046.3819999999998
images/peter-thomas-OUfn4MNUGA4-unsplash.jpg,images/ingmar-h-w0LJ3X-3qgY-unsplash.jpg,1.0,,2025-03-24T17:42:25.175569,default,748.541
images/marek-piwnicki-3f22ob_rtnA-unsplash.jpg,images/ingmar-h-w0LJ3X-3qgY-unsplash.jpg,1.0,,2025-03-24T17:42:29.710825,default,4240.630999999999
images/cheng-lin-BJmFkjQFq44-unsplash.jpg,images/ingmar-h-w0LJ3X-3qgY-unsplash.jpg,1.0,,2025-03-24T17:42:36.327527,default,6187.465999999999
images/intricate-explorer-N3stduCK5Ms-unsplash.jpg,images/ingmar-h-w0LJ3X-3qgY-unsplash.jpg,2.0,,2025-03-24T17:42:37.859325,default,869.446
images/wietse-jongsma-w_xNKXC4EM0-unsplash.jpg,images/ingmar-h-w0LJ3X-3qgY-unsplash.jpg,1.0,,2025-03-24T17:42:38.913532,default,817.8100000000001
images/arpit-rastogi-eLYtlDkpkXw-unsplash.jpg,images/chen-zy-ccr9dAWi0hw-unsplash.jpg,1.0,,2025-03-24T17:42:40.788605,default,1593.856
images/zoltan-tasi-7qhm0GNurTc-unsplash.jpg,images/ingmar-h-w0LJ3X-3qgY-unsplash.jpg,2.0,,2025-03-24T17:42:43.142766,default,2067.388
images/dennis-yu-Nr8BIhkjwQY-unsplash.jpg,images/ingmar-h-w0LJ3X-3qgY-unsplash.jpg,2.0,,2025-03-24T17:42:44.448464,default,747.797
images/josh-hild-wqvA56yiz04-unsplash.jpg,images/chen-zy-ccr9dAWi0hw-unsplash.jpg,2.0,,2025-03-24T17:42:45.920336,default,1236.89
images/pavel-marianov-_eTFRd_3adE-unsplash.jpg,images/ingmar-h-w0LJ3X-3qgY-unsplash.jpg,1.0,,2025-03-24T17:42:50.229633,default,3950.239
images/michael-fousert-d8px3c8GAtA-unsplash.jpg,images/ingmar-h-w0LJ3X-3qgY-unsplash.jpg,1.0,,2025-03-24T17:42:51.150468,default,617.779
images/the-chaffins-1KDauE4oF0o-unsplash.jpg,images/ingmar-h-w0LJ3X-3qgY-unsplash.jpg,1.0,,2025-03-24T17:42:52.703587,default,1147.811
images/reinaldo-photography--NEGehNFXF0-unsplash.jpg,images/ingmar-h-w0LJ3X-3qgY-unsplash.jpg,1.0,,2025-03-24T17:42:53.951352,default,876.865
images/frode-myklebust-rHs9qFMrcDk-unsplash.jpg,images/ingmar-h-w0LJ3X-3qgY-unsplash.jpg,2.0,,2025-03-24T17:42:55.268122,default,995.22
images/lerone-pieters-Kx25S1nd9UE-unsplash.jpg,images/ingmar-h-w0LJ3X-3qgY-unsplash.jpg,2.0,,2025-03-24T17:42:56.630008,default,983.343
images/wietse-jongsma-h-huws0YRo8-unsplash.jpg,images/ingmar-h-w0LJ3X-3qgY-unsplash.jpg,2.0,,2025-03-24T17:42:57.616540,default,739.058
images/marek-piwnicki-zV2zh23STCk-unsplash.jpg,images/ingmar-h-w0LJ3X-3qgY-unsplash.jpg,1.0,,2025-03-24T17:42:58.850588,default,805.69
images/samuel-arkwright-Pi9wWFYTy2I-unsplash.jpg,images/ingmar-h-w0LJ3X-3qgY-unsplash.jpg,2.0,,2025-03-24T17:43:00.142106,default,845.121
images/johannes-andersson-a5c9WeJU8WQ-unsplash.jpg,images/ingmar-h-w0LJ3X-3qgY-unsplash.jpg,2.0,,2025-03-24T17:43:02.640484,default,2252.177
images/karsten-winegeart-yg1_KJ66Afc-unsplash.jpg,images/ingmar-h-w0LJ3X-3qgY-unsplash.jpg,2.0,,2025-03-24T17:43:03.767284,default,865.212
images/pascal-debrunner-Xk317d8TtEo-unsplash.jpg,images/ingmar-h-w0LJ3X-3qgY-unsplash.jpg,1.0,,2025-03-24T17:43:04.916081,default,795.808
images/saeed-ghavam-shahidi-i38Wgx6RRN0-unsplash.jpg,images/ingmar-h-w0LJ3X-3qgY-unsplash.jpg,1.0,,2025-03-24T17:43:07.365563,default,2107.638
images/peter-thomas-OUfn4MNUGA4-unsplash.jpg,images/ingmar-h-w0LJ3X-3qgY-unsplash.jpg,1.0,,2025-03-24T17:43:08.292896,default,661.0970000000001
images/marek-piwnicki-3f22ob_rtnA-unsplash.jpg,images/ingmar-h-w0LJ3X-3qgY-unsplash.jpg,1.0,,2025-03-24T17:43:09.375179,default,785.9300000000001
images/cheng-lin-BJmFkjQFq44-unsplash.jpg,images/ingmar-h-w0LJ3X-3qgY-unsplash.jpg,1.0,,2025-03-24T17:43:11.166074,default,1357.8870000000002
images/intricate-explorer-N3stduCK5Ms-unsplash.jpg,images/ingmar-h-w0LJ3X-3qgY-unsplash.jpg,2.0,,2025-03-24T17:43:12.518137,default,667.468
images/wietse-jongsma-w_xNKXC4EM0-unsplash.jpg,images/ingmar-h-w0LJ3X-3qgY-unsplash.jpg,1.0,,2025-03-24T17:43:14.287511,default,1545.809
images/arpit-rastogi-eLYtlDkpkXw-unsplash.jpg,images/chen-zy-ccr9dAWi0hw-unsplash.jpg,1.0,,2025-03-24T17:43:17.140976,default,2558.063
images/zoltan-tasi-7qhm0GNurTc-unsplash.jpg,images/ingmar-h-w0LJ3X-3qgY-unsplash.jpg,2.0,,2025-03-24T17:43:18.419754,default,993.07
images/dennis-yu-Nr8BIhkjwQY-unsplash.jpg,images/ingmar-h-w0LJ3X-3qgY-unsplash.jpg,2.0,,2025-03-24T17:47:07.141009,default,4643.603
images/josh-hild-wqvA56yiz04-unsplash.jpg,images/chen-zy-ccr9dAWi0hw-unsplash.jpg,2.0,,2025-03-24T17:47:08.575320,default,1199.843
images/pavel-marianov-_eTFRd_3adE-unsplash.jpg,images/ingmar-h-w0LJ3X-3qgY-unsplash.jpg,1.0,,2025-03-24T17:47:10.389566,default,1442.507
images/michael-fousert-d8px3c8GAtA-unsplash.jpg,images/ingmar-h-w0LJ3X-3qgY-unsplash.jpg,1.0,,2025-03-24T17:47:11.483898,default,771.608
images/the-chaffins-1KDauE4oF0o-unsplash.jpg,images/ingmar-h-w0LJ3X-3qgY-unsplash.jpg,1.0,,2025-03-24T17:47:13.360653,default,1456.412
images/reinaldo-photography--NEGehNFXF0-unsplash.jpg,images/ingmar-h-w0LJ3X-3qgY-unsplash.jpg,1.0,,2025-03-24T17:47:16.561449,default,2824.629
images/frode-myklebust-rHs9qFMrcDk-unsplash.jpg,images/ingmar-h-w0LJ3X-3qgY-unsplash.jpg,2.0,,2025-03-24T17:47:17.759043,default,849.8729999999999
images/lerone-pieters-Kx25S1nd9UE-unsplash.jpg,images/ingmar-h-w0LJ3X-3qgY-unsplash.jpg,2.0,,2025-03-24T17:47:19.286189,default,1153.4009999999998
images/wietse-jongsma-h-huws0YRo8-unsplash.jpg,images/ingmar-h-w0LJ3X-3qgY-unsplash.jpg,2.0,,2025-03-24T17:47:20.402798,default,871.961
images/marek-piwnicki-zV2zh23STCk-unsplash.jpg,images/ingmar-h-w0LJ3X-3qgY-unsplash.jpg,1.0,,2025-03-24T17:47:21.454299,default,622.5509999999999
images/samuel-arkwright-Pi9wWFYTy2I-unsplash.jpg,images/ingmar-h-w0LJ3X-3qgY-unsplash.jpg,2.0,,2025-03-24T17:47:22.793620,default,872.2950000000001
images/johannes-andersson-a5c9WeJU8WQ-unsplash.jpg,images/ingmar-h-w0LJ3X-3qgY-unsplash.jpg,2.0,,2025-03-24T17:47:23.816911,default,783.1270000000001
images/karsten-winegeart-yg1_KJ66Afc-unsplash.jpg,images/ingmar-h-w0LJ3X-3qgY-unsplash.jpg,2.0,,2025-03-24T17:47:24.856497,default,764.102
images/pascal-debrunner-Xk317d8TtEo-unsplash.jpg,images/ingmar-h-w0LJ3X-3qgY-unsplash.jpg,1.0,,2025-03-24T17:47:26.244247,default,1018.71
images/saeed-ghavam-shahidi-i38Wgx6RRN0-unsplash.jpg,images/ingmar-h-w0LJ3X-3qgY-unsplash.jpg,1.0,,2025-03-24T17:47:27.493744,default,912.16
images/peter-thomas-OUfn4MNUGA4-unsplash.jpg,images/ingmar-h-w0LJ3X-3qgY-unsplash.jpg,1.0,,2025-03-24T17:47:28.283427,default,522.325
images/marek-piwnicki-3f22ob_rtnA-unsplash.jpg,images/ingmar-h-w0LJ3X-3qgY-unsplash.jpg,1.0,,2025-03-24T17:47:29.023776,default,437.76
images/cheng-lin-BJmFkjQFq44-unsplash.jpg,images/ingmar-h-w0LJ3X-3qgY-unsplash.jpg,1.0,,2025-03-24T17:47:30.154125,default,715.667
images/intricate-explorer-N3stduCK5Ms-unsplash.jpg,images/ingmar-h-w0LJ3X-3qgY-unsplash.jpg,2.0,,2025-03-24T17:47:31.633804,default,803.164
images/wietse-jongsma-w_xNKXC4EM0-unsplash.jpg,images/ingmar-h-w0LJ3X-3qgY-unsplash.jpg,1.0,,2025-03-24T17:47:34.059129,default,2188.867
images/arpit-rastogi-eLYtlDkpkXw-unsplash.jpg,images/chen-zy-ccr9dAWi0hw-unsplash.jpg,1.0,,2025-03-24T17:47:35.922878,default,1567.284
images/zoltan-tasi-7qhm0GNurTc-unsplash.jpg,images/ingmar-h-w0LJ3X-3qgY-unsplash.jpg,2.0,,2025-03-24T17:47:37.123066,default,918.585
images/dennis-yu-Nr8BIhkjwQY-unsplash.jpg,images/ingmar-h-w0LJ3X-3qgY-unsplash.jpg,2.0,,2025-03-24T17:47:39.217670,default,1527.2969999999998
images/josh-hild-wqvA56yiz04-unsplash.jpg,images/chen-zy-ccr9dAWi0hw-unsplash.jpg,2.0,,2025-03-24T17:47:40.608655,default,1148.741
images/pavel-marianov-_eTFRd_3adE-unsplash.jpg,images/ingmar-h-w0LJ3X-3qgY-unsplash.jpg,1.0,,2025-03-24T17:47:41.859490,default,874.8620000000001
images/michael-fousert-d8px3c8GAtA-unsplash.jpg,images/ingmar-h-w0LJ3X-3qgY-unsplash.jpg,1.0,,2025-03-24T17:47:43.015221,default,835.86
images/the-chaffins-1KDauE4oF0o-unsplash.jpg,images/ingmar-h-w0LJ3X-3qgY-unsplash.jpg,1.0,,2025-03-24T17:47:44.250178,default,810.732
images/reinaldo-photography--NEGehNFXF0-unsplash.jpg,images/ingmar-h-w0LJ3X-3qgY-unsplash.jpg,2.0,,2025-03-24T17:47:46.503521,default,1877.72
images/frode-myklebust-rHs9qFMrcDk-unsplash.jpg,images/ingmar-h-w0LJ3X-3qgY-unsplash.jpg,2.0,,2025-03-24T17:47:47.593740,default,755.67
images/lerone-pieters-Kx25S1nd9UE-unsplash.jpg,images/ingmar-h-w0LJ3X-3qgY-unsplash.jpg,2.0,,2025-03-24T17:47:48.530496,default,550.864
images/wietse-jongsma-h-huws0YRo8-unsplash.jpg,images/ingmar-h-w0LJ3X-3qgY-unsplash.jpg,2.0,,2025-03-24T17:47:49.407602,default,639.1569999999999
images/marek-piwnicki-zV2zh23STCk-unsplash.jpg,images/ingmar-h-w0LJ3X-3qgY-unsplash.jpg,1.0,,2025-03-24T17:47:50.486383,default,643.3
images/samuel-arkwright-Pi9wWFYTy2I-unsplash.jpg,images/ingmar-h-w0LJ3X-3qgY-unsplash.jpg,2.0,,2025-03-24T17:47:51.658612,default,726.222
images/johannes-andersson-a5c9WeJU8WQ-unsplash.jpg,images/ingmar-h-w0LJ3X-3qgY-unsplash.jpg,2.0,,2025-03-24T17:47:52.690385,default,778.393
images/karsten-winegeart-yg1_KJ66Afc-unsplash.jpg,images/ingmar-h-w0LJ3X-3qgY-unsplash.jpg,2.0,,2025-03-24T17:47:54.062528,default,1093.853
images/pascal-debrunner-Xk317d8TtEo-unsplash.jpg,images/ingmar-h-w0LJ3X-3qgY-unsplash.jpg,1.0,,2025-03-24T17:47:55.085051,default,651.0550000000001
images/saeed-ghavam-shahidi-i38Wgx6RRN0-unsplash.jpg,images/ingmar-h-w0LJ3X-3qgY-unsplash.jpg,1.0,,2025-03-24T17:47:56.118104,default,674.787
images/peter-thomas-OUfn4MNUGA4-unsplash.jpg,images/ingmar-h-w0LJ3X-3qgY-unsplash.jpg,1.0,,2025-03-24T17:47:56.930592,default,556.23
images/marek-piwnicki-3f22ob_rtnA-unsplash.jpg,images/ingmar-h-w0LJ3X-3qgY-unsplash.jpg,1.0,,2025-03-24T17:47:57.638453,default,410.161
images/cheng-lin-BJmFkjQFq44-unsplash.jpg,images/ingmar-h-w0LJ3X-3qgY-unsplash.jpg,1.0,,2025-03-24T17:47:58.926234,default,867.521
images/intricate-explorer-N3stduCK5Ms-unsplash.jpg,images/ingmar-h-w0LJ3X-3qgY-unsplash.jpg,1.0,,2025-03-24T17:48:00.927282,default,1319.903
images/wietse-jongsma-w_xNKXC4EM0-unsplash.jpg,images/ingmar-h-w0LJ3X-3qgY-unsplash.jpg,1.0,,2025-03-24T17:48:02.541186,default,1388.917
images/arpit-rastogi-eLYtlDkpkXw-unsplash.jpg,images/chen-zy-ccr9dAWi0hw-unsplash.jpg,2.0,,2025-03-24T17:48:04.335034,default,1492.875
images/zoltan-tasi-7qhm0GNurTc-unsplash.jpg,images/ingmar-h-w0LJ3X-3qgY-unsplash.jpg,2.0,,2025-03-24T17:49:42.528659,default,3114.32
images/dennis-yu-Nr8BIhkjwQY-unsplash.jpg,images/ingmar-h-w0LJ3X-3qgY-unsplash.jpg,2.0,,2025-03-24T17:49:45.274218,default,2179.266
images/josh-hild-wqvA56yiz04-unsplash.jpg,images/chen-zy-ccr9dAWi0hw-unsplash.jpg,2.0,,2025-03-24T17:49:46.932782,default,1422.567
images/pavel-marianov-_eTFRd_3adE-unsplash.jpg,images/ingmar-h-w0LJ3X-3qgY-unsplash.jpg,1.0,,2025-03-24T17:49:48.457653,default,1162.552
images/michael-fousert-d8px3c8GAtA-unsplash.jpg,images/ingmar-h-w0LJ3X-3qgY-unsplash.jpg,1.0,,2025-03-24T17:49:49.470401,default,701.372
images/the-chaffins-1KDauE4oF0o-unsplash.jpg,images/ingmar-h-w0LJ3X-3qgY-unsplash.jpg,1.0,,2025-03-24T17:49:51.147421,default,1260.33
images/reinaldo-photography--NEGehNFXF0-unsplash.jpg,images/ingmar-h-w0LJ3X-3qgY-unsplash.jpg,1.0,,2025-03-24T17:49:52.502622,default,981.332
images/frode-myklebust-rHs9qFMrcDk-unsplash.jpg,images/ingmar-h-w0LJ3X-3qgY-unsplash.jpg,2.0,,2025-03-24T17:49:54.021129,default,1184.544
images/lerone-pieters-Kx25S1nd9UE-unsplash.jpg,images/ingmar-h-w0LJ3X-3qgY-unsplash.jpg,2.0,,2025-03-24T17:49:55.014948,default,625.437
images/wietse-jongsma-h-huws0YRo8-unsplash.jpg,images/ingmar-h-w0LJ3X-3qgY-unsplash.jpg,2.0,,2025-03-24T17:49:56.368085,default,1098.1
images/marek-piwnicki-zV2zh23STCk-unsplash.jpg,images/ingmar-h-w0LJ3X-3qgY-unsplash.jpg,1.0,,2025-03-24T17:49:57.285715,default,481.476
images/samuel-arkwright-Pi9wWFYTy2I-unsplash.jpg,images/ingmar-h-w0LJ3X-3qgY-unsplash.jpg,2.0,,2025-03-24T17:49:58.646014,default,898.515
images/johannes-andersson-a5c9WeJU8WQ-unsplash.jpg,images/ingmar-h-w0LJ3X-3qgY-unsplash.jpg,2.0,,2025-03-24T17:49:59.592850,default,688.1270000000001
images/karsten-winegeart-yg1_KJ66Afc-unsplash.jpg,images/ingmar-h-w0LJ3X-3qgY-unsplash.jpg,2.0,,2025-03-24T17:50:00.933902,default,1073.347
images/pascal-debrunner-Xk317d8TtEo-unsplash.jpg,images/ingmar-h-w0LJ3X-3qgY-unsplash.jpg,1.0,,2025-03-24T17:50:02.330940,default,1037.766
images/saeed-ghavam-shahidi-i38Wgx6RRN0-unsplash.jpg,images/ingmar-h-w0LJ3X-3qgY-unsplash.jpg,1.0,,2025-03-24T17:50:03.387664,default,708.193
images/peter-thomas-OUfn4MNUGA4-unsplash.jpg,images/ingmar-h-w0LJ3X-3qgY-unsplash.jpg,1.0,,2025-03-24T17:50:04.129975,default,475.872
images/marek-piwnicki-3f22ob_rtnA-unsplash.jpg,images/ingmar-h-w0LJ3X-3qgY-unsplash.jpg,1.0,,2025-03-24T17:50:04.808809,default,376.121
images/cheng-lin-BJmFkjQFq44-unsplash.jpg,images/ingmar-h-w0LJ3X-3qgY-unsplash.jpg,1.0,,2025-03-24T17:50:06.762634,default,1523.09
images/intricate-explorer-N3stduCK5Ms-unsplash.jpg,images/ingmar-h-w0LJ3X-3qgY-unsplash.jpg,1.0,,2025-03-24T17:50:09.018084,default,1586.3
images/wietse-jongsma-w_xNKXC4EM0-unsplash.jpg,images/ingmar-h-w0LJ3X-3qgY-unsplash.jpg,1.0,,2025-03-24T17:50:10.044480,default,793.285
images/arpit-rastogi-eLYtlDkpkXw-unsplash.jpg,images/chen-zy-ccr9dAWi0hw-unsplash.jpg,1.0,,2025-03-24T17:50:12.502366,default,2157.4559999999997
images/zoltan-tasi-7qhm0GNurTc-unsplash.jpg,images/ingmar-h-w0LJ3X-3qgY-unsplash.jpg,2.0,,2025-03-24T17:55:34.054891,default,2944.07
images/dennis-yu-Nr8BIhkjwQY-unsplash.jpg,images/ingmar-h-w0LJ3X-3qgY-unsplash.jpg,2.0,,2025-03-24T17:55:35.666725,default,1023.747
images/josh-hild-wqvA56yiz04-unsplash.jpg,images/chen-zy-ccr9dAWi0hw-unsplash.jpg,2.0,,2025-03-24T17:55:37.054674,default,1152.489
images/pavel-marianov-_eTFRd_3adE-unsplash.jpg,images/ingmar-h-w0LJ3X-3qgY-unsplash.jpg,1.0,,2025-03-24T17:55:38.289772,default,854.7139999999999
images/michael-fousert-d8px3c8GAtA-unsplash.jpg,images/ingmar-h-w0LJ3X-3qgY-unsplash.jpg,1.0,,2025-03-24T17:55:39.218381,default,619.538
images/the-chaffins-1KDauE4oF0o-unsplash.jpg,images/ingmar-h-w0LJ3X-3qgY-unsplash.jpg,1.0,,2025-03-24T17:55:41.897929,default,2258.133
images/reinaldo-photography--NEGehNFXF0-unsplash.jpg,images/ingmar-h-w0LJ3X-3qgY-unsplash.jpg,1.0,,2025-03-24T17:55:43.792435,default,1516.981
images/frode-myklebust-rHs9qFMrcDk-unsplash.jpg,images/ingmar-h-w0LJ3X-3qgY-unsplash.jpg,2.0,,2025-03-24T17:55:44.953421,default,827.232
images/lerone-pieters-Kx25S1nd9UE-unsplash.jpg,images/ingmar-h-w0LJ3X-3qgY-unsplash.jpg,1.0,,2025-03-24T17:55:46.754380,default,1421.856
images/wietse-jongsma-h-huws0YRo8-unsplash.jpg,images/ingmar-h-w0LJ3X-3qgY-unsplash.jpg,2.0,,2025-03-24T17:55:47.941369,default,944.203
images/marek-piwnicki-zV2zh23STCk-unsplash.jpg,images/ingmar-h-w0LJ3X-3qgY-unsplash.jpg,1.0,,2025-03-24T17:55:48.940378,default,563.0469999999999
images/samuel-arkwright-Pi9wWFYTy2I-unsplash.jpg,images/ingmar-h-w0LJ3X-3qgY-unsplash.jpg,2.0,,2025-03-24T17:55:50.053071,default,651.371
images/johannes-andersson-a5c9WeJU8WQ-unsplash.jpg,images/ingmar-h-w0LJ3X-3qgY-unsplash.jpg,2.0,,2025-03-24T17:55:51.101330,default,794.694
images/karsten-winegeart-yg1_KJ66Afc-unsplash.jpg,images/ingmar-h-w0LJ3X-3qgY-unsplash.jpg,2.0,,2025-03-24T17:55:52.260960,default,882.153
images/pascal-debrunner-Xk317d8TtEo-unsplash.jpg,images/ingmar-h-w0LJ3X-3qgY-unsplash.jpg,1.0,,2025-03-24T17:55:53.576048,default,939.03
images/saeed-ghavam-shahidi-i38Wgx6RRN0-unsplash.jpg,images/ingmar-h-w0LJ3X-3qgY-unsplash.jpg,1.0,,2025-03-24T17:55:55.050100,default,1111.942
images/peter-thomas-OUfn4MNUGA4-unsplash.jpg,images/ingmar-h-w0LJ3X-3qgY-unsplash.jpg,1.0,,2025-03-24T17:55:55.958117,default,640.854
images/marek-piwnicki-3f22ob_rtnA-unsplash.jpg,images/ingmar-h-w0LJ3X-3qgY-unsplash.jpg,1.0,,2025-03-24T17:55:57.124248,default,876.929
images/cheng-lin-BJmFkjQFq44-unsplash.jpg,images/ingmar-h-w0LJ3X-3qgY-unsplash.jpg,1.0,,2025-03-24T17:55:58.655835,default,1104.228
images/intricate-explorer-N3stduCK5Ms-unsplash.jpg,images/ingmar-h-w0LJ3X-3qgY-unsplash.jpg,2.0,,2025-03-24T17:56:00.059264,default,729.1560000000001
images/wietse-jongsma-w_xNKXC4EM0-unsplash.jpg,images/ingmar-h-w0LJ3X-3qgY-unsplash.jpg,1.0,,2025-03-24T17:56:02.481971,default,2187.228
images/arpit-rastogi-eLYtlDkpkXw-unsplash.jpg,images/chen-zy-ccr9dAWi0hw-unsplash.jpg,1.0,,2025-03-24T17:56:03.938987,default,1158.558
images/zoltan-tasi-7qhm0GNurTc-unsplash.jpg,images/ingmar-h-w0LJ3X-3qgY-unsplash.jpg,2.0,,2025-03-24T17:59:06.803929,default,3763.313
images/dennis-yu-Nr8BIhkjwQY-unsplash.jpg,images/ingmar-h-w0LJ3X-3qgY-unsplash.jpg,1.0,,2025-03-24T17:59:17.432830,default,10047.898
images/josh-hild-wqvA56yiz04-unsplash.jpg,images/chen-zy-ccr9dAWi0hw-unsplash.jpg,2.0,,2025-03-24T17:59:19.757719,default,2093.306
images/pavel-marianov-_eTFRd_3adE-unsplash.jpg,images/ingmar-h-w0LJ3X-3qgY-unsplash.jpg,2.0,,2025-03-24T17:59:20.928558,default,806.774
images/michael-fousert-d8px3c8GAtA-unsplash.jpg,images/ingmar-h-w0LJ3X-3qgY-unsplash.jpg,1.0,,2025-03-24T18:00:58.653714,default,2659.8869999999997
images/the-chaffins-1KDauE4oF0o-unsplash.jpg,images/ingmar-h-w0LJ3X-3qgY-unsplash.jpg,1.0,,2025-03-24T18:01:00.445269,default,1361.322
images/zoltan-tasi-7qhm0GNurTc-unsplash.jpg,images/the-chaffins-1KDauE4oF0o-unsplash.jpg,2.0,,2025-03-24T18:29:58.928526,default,3512.183
images/marek-piwnicki-zV2zh23STCk-unsplash.jpg,images/michael-fousert-d8px3c8GAtA-unsplash.jpg,2.0,,2025-03-24T18:30:00.934209,default,1609.519
images/marek-piwnicki-zV2zh23STCk-unsplash.jpg,images/wietse-jongsma-w_xNKXC4EM0-unsplash.jpg,1.0,,2025-03-24T18:30:02.378698,default,1128.461
images/pascal-debrunner-Xk317d8TtEo-unsplash.jpg,images/chen-zy-ccr9dAWi0hw-unsplash.jpg,1.0,,2025-03-24T18:30:04.357410,default,1622.492
images/reinaldo-photography--NEGehNFXF0-unsplash.jpg,images/peter-thomas-OUfn4MNUGA4-unsplash.jpg,2.0,,2025-03-24T18:30:06.030425,default,1371.092
images/saeed-ghavam-shahidi-i38Wgx6RRN0-unsplash.jpg,images/josh-hild-wqvA56yiz04-unsplash.jpg,1.0,,2025-03-24T18:30:07.096205,default,804.889
images/michael-fousert-d8px3c8GAtA-unsplash.jpg,images/marek-piwnicki-zV2zh23STCk-unsplash.jpg,1.0,,2025-03-24T18:30:37.120090,default,2038.972
images/saeed-ghavam-shahidi-i38Wgx6RRN0-unsplash.jpg,images/karsten-winegeart-yg1_KJ66Afc-unsplash.jpg,1.0,,2025-03-24T18:30:38.345105,default,938.498
images/josh-hild-wqvA56yiz04-unsplash.jpg,images/saeed-ghavam-shahidi-i38Wgx6RRN0-unsplash.jpg,1.0,,2025-03-24T18:30:39.244833,default,645.725
images/peter-thomas-OUfn4MNUGA4-unsplash.jpg,images/samuel-arkwright-Pi9wWFYTy2I-unsplash.jpg,1.0,,2025-03-24T18:30:40.236508,default,617.231
images/wietse-jongsma-h-huws0YRo8-unsplash.jpg,images/pavel-marianov-_eTFRd_3adE-unsplash.jpg,1.0,,2025-03-24T18:30:40.994777,default,489.796
images/frode-myklebust-rHs9qFMrcDk-unsplash.jpg,images/ingmar-h-w0LJ3X-3qgY-unsplash.jpg,2.0,,2025-03-24T18:31:25.778634,default,4750.831
images/lerone-pieters-Kx25S1nd9UE-unsplash.jpg,images/ingmar-h-w0LJ3X-3qgY-unsplash.jpg,2.0,,2025-03-24T18:31:27.857504,default,1700.587
images/johannes-andersson-a5c9WeJU8WQ-unsplash.jpg,images/ingmar-h-w0LJ3X-3qgY-unsplash.jpg,2.0,,2025-03-24T18:31:29.778284,default,1671.0210000000002
images/marek-piwnicki-3f22ob_rtnA-unsplash.jpg,images/ingmar-h-w0LJ3X-3qgY-unsplash.jpg,1.0,,2025-03-24T18:31:31.236751,default,1165.455
images/cheng-lin-BJmFkjQFq44-unsplash.jpg,images/ingmar-h-w0LJ3X-3qgY-unsplash.jpg,1.0,,2025-03-24T18:31:32.899198,default,1231.984
images/intricate-explorer-N3stduCK5Ms-unsplash.jpg,images/ingmar-h-w0LJ3X-3qgY-unsplash.jpg,2.0,,2025-03-24T18:31:35.945187,default,2365.633
images/arpit-rastogi-eLYtlDkpkXw-unsplash.jpg,images/chen-zy-ccr9dAWi0hw-unsplash.jpg,2.0,,2025-03-24T18:31:38.745090,default,2510.163
images/dennis-yu-Nr8BIhkjwQY-unsplash.jpg,images/ingmar-h-w0LJ3X-3qgY-unsplash.jpg,2.0,,2025-03-24T18:42:31.319804,default,3095.969
